{"name":"Menu_Intent","identifier":"UZQBKM8QVM","description":"menu de intenções","parentIntentSignature":null,"sampleUtterances":[{"utterance":"menu"},{"utterance":"Gostaria de ver o menu"},{"utterance":"Usar outro servico"}],"intentConfirmationSetting":null,"intentClosingSetting":null,"initialResponseSetting":{"conditional":null,"codeHook":{"isActive":true,"enableCodeHookInvocation":true,"invocationLabel":null,"postCodeHookSpecification":{"failureResponse":null,"failureNextStep":{"sessionAttributes":null,"dialogAction":{"type":"EndConversation","slotToElicit":null,"suppressNextMessage":null},"intent":{"name":null,"slots":null}},"failureConditional":null,"successResponse":null,"successNextStep":{"sessionAttributes":null,"dialogAction":{"type":"FulfillIntent","slotToElicit":null,"suppressNextMessage":null},"intent":{"name":null,"slots":null}},"successConditional":null,"timeoutResponse":null,"timeoutNextStep":{"sessionAttributes":null,"dialogAction":{"type":"EndConversation","slotToElicit":null,"suppressNextMessage":null},"intent":{"name":null,"slots":null}},"timeoutConditional":null}},"nextStep":{"sessionAttributes":null,"dialogAction":{"type":"InvokeDialogCodeHook","slotToElicit":null,"suppressNextMessage":null},"intent":{"name":null,"slots":null}},"initialResponse":null},"inputContexts":null,"outputContexts":null,"kendraConfiguration":null,"qnAIntentConfiguration":null,"bedrockAgentIntentConfiguration":null,"dialogCodeHook":{"enabled":false},"fulfillmentCodeHook":{"isActive":true,"postFulfillmentStatusSpecification":{"failureResponse":null,"failureNextStep":{"sessionAttributes":null,"dialogAction":{"type":"EndConversation","slotToElicit":null,"suppressNextMessage":null},"intent":{"name":null,"slots":null}},"successResponse":{"messageGroupsList":[{"message":{"ssmlMessage":null,"customPayload":null,"plainTextMessage":null,"imageResponseCard":{"title":"O que você deseja fazer?","subtitle":"Escolha uma opção:","imageUrl":null,"buttonsList":[{"value":"Receber questões para estudo","text":"Receber questões para estudo"},{"value":"Conhecer sobre a filosofia e citações do judô","text":"Conhecer sobre a filosofia e citações do judô"},{"value":"Conhecer mais a história do judô","text":"Conhecer mais a história do judô"},{"value":"Listar tópicos de estudo","text":"Listar tópicos de estudo"},{"value":"Saber mais sobre a história de famosos lutadores","text":"Saber mais sobre a história de famosos lutadores"}]}},"variations":null}],"allowInterrupt":true},"successNextStep":{"sessionAttributes":null,"dialogAction":{"type":"EndConversation","slotToElicit":null,"suppressNextMessage":null},"intent":{"name":null,"slots":null}},"timeoutResponse":null,"timeoutNextStep":{"sessionAttributes":null,"dialogAction":{"type":"EndConversation","slotToElicit":null,"suppressNextMessage":null},"intent":{"name":null,"slots":null}}},"fulfillmentUpdatesSpecification":null,"enabled":false},"slotPriorities":[]}