{"name":"History_Intent","identifier":"98V0176DDD","description":"Historia do Judô","parentIntentSignature":null,"sampleUtterances":[{"utterance":"Conte sobre a história do Judô"},{"utterance":"Qual é a história do Judô"},{"utterance":"Fale sobre a história do Judô"},{"utterance":"Como surgiu o Judô"},{"utterance":"Quem criou o Judo"},{"utterance":"Qual é a origem do Judô"},{"utterance":"Quero aprender sobre a história do Judô"},{"utterance":"Pode contar a história do Judô"},{"utterance":"Quando o Judô foi criado"},{"utterance":"Explique a história do Judô"},{"utterance":"Como começou o Judô"},{"utterance":"Qual a história por trás do Judô"},{"utterance":"Me conte sobre a história do Judô"},{"utterance":"Quem criou o Judô"},{"utterance":"Quero saber mais sobre a história do Judô"},{"utterance":"Historia do judô"},{"utterance":"Conhecer mais a historia do judo"}],"intentConfirmationSetting":null,"intentClosingSetting":{"isActive":true,"conditional":{"isActive":false,"conditionalBranches":[{"name":"Branch1","response":null,"condition":{"expressionString":"."},"nextStep":{"sessionAttributes":null,"dialogAction":{"type":"EndConversation","slotToElicit":null,"suppressNextMessage":null},"intent":null}}],"defaultBranch":{"response":null,"nextStep":{"sessionAttributes":null,"dialogAction":{"type":"EndConversation","slotToElicit":null,"suppressNextMessage":null},"intent":{"name":null,"slots":null}}}},"nextStep":{"sessionAttributes":null,"dialogAction":{"type":"ElicitSlot","slotToElicit":"MarcoHistorico","suppressNextMessage":null},"intent":{"name":null,"slots":null}},"closingResponse":null},"initialResponseSetting":{"conditional":null,"codeHook":{"isActive":true,"enableCodeHookInvocation":true,"invocationLabel":null,"postCodeHookSpecification":{"failureResponse":null,"failureNextStep":{"sessionAttributes":null,"dialogAction":{"type":"EndConversation","slotToElicit":null,"suppressNextMessage":null},"intent":{"name":null,"slots":null}},"failureConditional":null,"successResponse":null,"successNextStep":{"sessionAttributes":null,"dialogAction":{"type":"ElicitSlot","slotToElicit":"MarcoHistorico","suppressNextMessage":null},"intent":{"name":null,"slots":null}},"successConditional":null,"timeoutResponse":null,"timeoutNextStep":{"sessionAttributes":null,"dialogAction":{"type":"EndConversation","slotToElicit":null,"suppressNextMessage":null},"intent":{"name":null,"slots":null}},"timeoutConditional":null}},"nextStep":{"sessionAttributes":null,"dialogAction":{"type":"InvokeDialogCodeHook","slotToElicit":null,"suppressNextMessage":null},"intent":{"name":null,"slots":null}},"initialResponse":null},"inputContexts":null,"outputContexts":null,"kendraConfiguration":null,"qnAIntentConfiguration":null,"bedrockAgentIntentConfiguration":null,"dialogCodeHook":{"enabled":true},"fulfillmentCodeHook":{"isActive":false,"postFulfillmentStatusSpecification":{"failureResponse":{"messageGroupsList":[{"message":{"ssmlMessage":null,"customPayload":null,"plainTextMessage":{"value":"Deu ruim aq no fulfillment"},"imageResponseCard":null},"variations":null}],"allowInterrupt":true},"failureNextStep":{"sessionAttributes":null,"dialogAction":{"type":"EndConversation","slotToElicit":null,"suppressNextMessage":null},"intent":{"name":null,"slots":null}},"successResponse":{"messageGroupsList":[{"message":{"ssmlMessage":null,"customPayload":null,"plainTextMessage":{"value":"Sucesso no fulfillment"},"imageResponseCard":null},"variations":null}],"allowInterrupt":true},"successNextStep":{"sessionAttributes":null,"dialogAction":{"type":"EndConversation","slotToElicit":null,"suppressNextMessage":null},"intent":{"name":null,"slots":null}},"timeoutResponse":null,"timeoutNextStep":{"sessionAttributes":null,"dialogAction":{"type":"EndConversation","slotToElicit":null,"suppressNextMessage":null},"intent":{"name":null,"slots":null}}},"fulfillmentUpdatesSpecification":null,"enabled":true},"slotPriorities":[{"priority":1,"slotName":"MarcoHistorico"}]}