{"name":"Study_Intent","identifier":"7S7KBB2KRV","description":"estudo","parentIntentSignature":null,"sampleUtterances":[{"utterance":"Estudo sobre Judo"},{"utterance":"Quero material de estudo sobre Judo"},{"utterance":"Pode me fornecer material de estudo de Judo"},{"utterance":"Preciso de recursos de estudo sobre Judo"},{"utterance":"Você tem material de Judo para eu estudar"},{"utterance":"Pode me dar material de estudo de Judo"},{"utterance":"Onde encontro material de estudo sobre Judo"},{"utterance":"Me envie material de estudo de Judo"},{"utterance":"Preciso de apostilas ou materiais sobre Judo"},{"utterance":"Você tem conteúdo de estudo sobre Judo"},{"utterance":"Pode sugerir material de Judô para estudar"},{"utterance":"Quero recursos de estudo sobre Judo"},{"utterance":"Me ajude com material de estudo de Judo"},{"utterance":"Tem material para aprender mais sobre Judo"},{"utterance":"Pode indicar livros ou textos sobre Judo"},{"utterance":"Preciso de referencias de estudo sobre Judo"},{"utterance":"Gerar questões de estudo"},{"utterance":"Listar topicos de estudo"}],"intentConfirmationSetting":null,"intentClosingSetting":{"isActive":true,"nextStep":{"sessionAttributes":null,"dialogAction":{"type":"StartIntent","slotToElicit":null,"suppressNextMessage":null},"intent":{"name":"Encerramento_Intent","slots":null}},"closingResponse":null},"initialResponseSetting":{"conditional":null,"codeHook":{"isActive":true,"enableCodeHookInvocation":true,"invocationLabel":null,"postCodeHookSpecification":{"failureResponse":null,"failureNextStep":{"sessionAttributes":null,"dialogAction":{"type":"EndConversation","slotToElicit":null,"suppressNextMessage":null},"intent":{"name":null,"slots":null}},"failureConditional":null,"successResponse":null,"successNextStep":{"sessionAttributes":null,"dialogAction":{"type":"ElicitSlot","slotToElicit":"Faixa","suppressNextMessage":null},"intent":{"name":null,"slots":null}},"successConditional":null,"timeoutResponse":null,"timeoutNextStep":{"sessionAttributes":null,"dialogAction":{"type":"EndConversation","slotToElicit":null,"suppressNextMessage":null},"intent":{"name":null,"slots":null}},"timeoutConditional":null}},"nextStep":{"sessionAttributes":null,"dialogAction":{"type":"InvokeDialogCodeHook","slotToElicit":null,"suppressNextMessage":null},"intent":{"name":null,"slots":null}},"initialResponse":null},"inputContexts":null,"outputContexts":null,"kendraConfiguration":null,"qnAIntentConfiguration":null,"bedrockAgentIntentConfiguration":null,"dialogCodeHook":{"enabled":true},"fulfillmentCodeHook":null,"slotPriorities":[{"priority":1,"slotName":"Faixa"}]}