{"name":"FaixaCor","identifier":"ZPCWQFYSHN","description":null,"slotTypeValues":[{"synonyms":[{"value":"cinza"},{"value":"cinzo"},{"value":"Cinza"}],"sampleValue":{"value":"Cinza"}},{"synonyms":[{"value":"Amarelo"},{"value":"Amarela"},{"value":"amarela"},{"value":"amarelo"}],"sampleValue":{"value":"Amarela"}},{"synonyms":[{"value":"laranja"},{"value":"Laranja"},{"value":"laranje"}],"sampleValue":{"value":"Laranja"}},{"synonyms":[{"value":"verde"},{"value":"Verde"}],"sampleValue":{"value":"Verde"}},{"synonyms":[{"value":"azul"},{"value":"Azul"}],"sampleValue":{"value":"Azul"}},{"synonyms":[{"value":"Roxa"},{"value":"Roxo"},{"value":"roxo"},{"value":"roxa"}],"sampleValue":{"value":"Roxa"}},{"synonyms":[{"value":"marrom"},{"value":"Marrom"}],"sampleValue":{"value":"Marrom"}}],"parentSlotTypeSignature":null,"valueSelectionSetting":{"resolutionStrategy":"TOP_RESOLUTION","regexFilter":null}}