{"name":"Start_Intent","identifier":"AXLPC7EDJX","description":"Menu inicial de entrada do usuario.","parentIntentSignature":null,"sampleUtterances":[{"utterance":"Oi"},{"utterance":"Ola"},{"utterance":"Ei"},{"utterance":"Oi tudo bem"},{"utterance":"Ola como vai"},{"utterance":"Ei voce esta ai"},{"utterance":"Oi como voce esta"},{"utterance":"Ola tudo certo"},{"utterance":"Ei pode me ajudar"},{"utterance":"Oi preciso de ajuda"},{"utterance":"Ola tem alguem ai"},{"utterance":"Ei tudo bem"},{"utterance":"Oi como posso comecar"},{"utterance":"Ola bom dia"},{"utterance":"Oi boa tarde"},{"utterance":"Ei boa noite"},{"utterance":"Oi pode falar"},{"utterance":"Ola como vai voce"},{"utterance":"Ei como estao as coisas"},{"utterance":"Oi tem um minuto"},{"utterance":"Epa"},{"utterance":"Judo Bot"},{"utterance":"Bot Judo"},{"utterance":"Chat Bot"},{"utterance":"Judo"},{"utterance":"Opa"},{"utterance":"Ta ai"},{"utterance":"Salve"},{"utterance":"start"},{"utterance":"/start"}],"intentConfirmationSetting":null,"intentClosingSetting":{"isActive":true,"nextStep":{"sessionAttributes":{},"dialogAction":{"type":"StartIntent","slotToElicit":null,"suppressNextMessage":null},"intent":{"name":"Menu_Intent","slots":{}}},"closingResponse":{"messageGroupsList":[{"message":{"ssmlMessage":null,"customPayload":null,"plainTextMessage":{"value":"Estou aqui para ajudar nos seus estudos relacionados ao Judô, como técnicas, matérias para provas, questões de avaliação, história do Judô e filosofia do Judô. Pergunte sobre a história do Judô, filosofia do Judô, peça para gerar questões de estudo, ou material de estudo sobre Judô. Ou escolha uma das opções abaixo:"},"imageResponseCard":null},"variations":null}],"allowInterrupt":true}},"initialResponseSetting":{"conditional":null,"codeHook":{"isActive":true,"enableCodeHookInvocation":true,"invocationLabel":null,"postCodeHookSpecification":{"failureResponse":null,"failureNextStep":{"sessionAttributes":{},"dialogAction":{"type":"StartIntent","slotToElicit":null,"suppressNextMessage":null},"intent":{"name":"Menu_Intent","slots":{}}},"failureConditional":null,"successResponse":null,"successNextStep":{"sessionAttributes":null,"dialogAction":{"type":"CloseIntent","slotToElicit":null,"suppressNextMessage":null},"intent":{"name":null,"slots":{}}},"successConditional":null,"timeoutResponse":null,"timeoutNextStep":{"sessionAttributes":{},"dialogAction":{"type":"StartIntent","slotToElicit":null,"suppressNextMessage":null},"intent":{"name":"Menu_Intent","slots":{}}},"timeoutConditional":null}},"nextStep":{"sessionAttributes":{},"dialogAction":{"type":"InvokeDialogCodeHook","slotToElicit":null,"suppressNextMessage":null},"intent":{"name":null,"slots":{}}},"initialResponse":{"messageGroupsList":[{"message":{"ssmlMessage":null,"customPayload":null,"plainTextMessage":{"value":"Olá! Eu sou o Judobot, seu assistente de Judô! 🥋"},"imageResponseCard":null},"variations":null}],"allowInterrupt":true}},"inputContexts":null,"outputContexts":null,"kendraConfiguration":null,"qnAIntentConfiguration":null,"bedrockAgentIntentConfiguration":null,"dialogCodeHook":{"enabled":false},"fulfillmentCodeHook":null,"slotPriorities":[]}