{"name":"MarcoHistorico","identifier":"C7FISE9FA0","description":null,"slotTypeValues":[{"synonyms":null,"sampleValue":{"value":"Criação do Judo"}},{"synonyms":null,"sampleValue":{"value":"Judo no Brasil"}},{"synonyms":null,"sampleValue":{"value":"Primeira academia de Judo no Brasil"}},{"synonyms":null,"sampleValue":{"value":"Academia Terazaki"}},{"synonyms":null,"sampleValue":{"value":"Os três princípios que idealizaram o judô"}}],"parentSlotTypeSignature":null,"valueSelectionSetting":{"resolutionStrategy":"ORIGINAL_VALUE","regexFilter":null}}