{"name":"Philosophy_Intent","identifier":"XM5ONIP3VV","description":"filosofia do Judô","parentIntentSignature":null,"sampleUtterances":[{"utterance":"Filosofia do Judô"},{"utterance":"Sobre a filosofia do Judô"},{"utterance":"Qual é a filosofia do Judô"},{"utterance":"Fale sobre a filosofia do Judô"},{"utterance":"Quero aprender sobre a filosofia do Judô"},{"utterance":"O que é a filosofia do Judô"},{"utterance":"Explique a filosofia do Judô"},{"utterance":"Pode falar sobre a filosofia do Judô"},{"utterance":"Qual é a base filosófica do Judô"},{"utterance":"Quero entender a filosofia do Judô"},{"utterance":"Quais são os princípios do Judô"},{"utterance":"Fale sobre os valores do Judô"},{"utterance":"O que o Judô ensina sobre filosofia"},{"utterance":"Qual a filosofia por trás do Judô"},{"utterance":"Me conte sobre a filosofia do Judô"},{"utterance":"Quero saber mais sobre a filosofia do Judô"},{"utterance":"Conhecer sobra a filosofia e citacoes do judo"}],"intentConfirmationSetting":null,"intentClosingSetting":{"isActive":true,"nextStep":{"sessionAttributes":null,"dialogAction":{"type":"StartIntent","slotToElicit":null,"suppressNextMessage":null},"intent":{"name":"Encerramento_Intent","slots":null}},"closingResponse":null},"initialResponseSetting":{"conditional":null,"codeHook":{"isActive":true,"enableCodeHookInvocation":true,"invocationLabel":null,"postCodeHookSpecification":{"failureResponse":null,"failureNextStep":{"sessionAttributes":null,"dialogAction":{"type":"EndConversation","slotToElicit":null,"suppressNextMessage":null},"intent":{"name":null,"slots":null}},"failureConditional":null,"successResponse":null,"successNextStep":{"sessionAttributes":null,"dialogAction":{"type":"CloseIntent","slotToElicit":null,"suppressNextMessage":null},"intent":{"name":null,"slots":null}},"successConditional":null,"timeoutResponse":null,"timeoutNextStep":{"sessionAttributes":null,"dialogAction":{"type":"EndConversation","slotToElicit":null,"suppressNextMessage":null},"intent":{"name":null,"slots":null}},"timeoutConditional":null}},"nextStep":{"sessionAttributes":null,"dialogAction":{"type":"InvokeDialogCodeHook","slotToElicit":null,"suppressNextMessage":null},"intent":{"name":null,"slots":null}},"initialResponse":null},"inputContexts":null,"outputContexts":null,"kendraConfiguration":null,"qnAIntentConfiguration":null,"bedrockAgentIntentConfiguration":null,"dialogCodeHook":{"enabled":true},"fulfillmentCodeHook":null,"slotPriorities":[]}